,Variable,N,Mean,SD,SE,95% Conf.,Interval
0,preds_resource_allocation_score,58482.0,0.21165769435036993,1.835390111307393,0.007589571893734147,0.1967820989046932,0.22653328979604667
1,preds_resource_allocation_score,173779.0,0.06954533418648234,0.4426978928840615,0.0010619615873337163,0.06746391322523679,0.0716267551477279
2,combined,232261.0,0.10532841893643503,0.9993181737401357,0.0020735553845769,0.10126430388360136,0.10939253398926871
