,Variable,N,Mean,SD,SE,95% Conf.,Interval
0,preds_jaccard_score,58482.0,0.025969731653397218,0.06077393355578612,0.00025130795635483537,0.025477166915443994,0.02646229639135044
1,preds_jaccard_score,173779.0,0.0068297889529421885,0.022878879055952782,5.488277922535741e-05,0.006722219933070312,0.006937357972814065
2,combined,232261.0,0.011649117764098429,0.03729130857895754,7.737835229437803e-05,0.011497458190082655,0.011800777338114203
